time,cycle,analyzer_signal,score,confidence,min_conf,close,open_positions,pending_orders,analyzer_error,analyzer_error_msg,final_signal,reject_reason,order_type,is_trade_allowed,deviation_pips,rr_ratio,context,entry_source,entry_distance_pips,entry_distance_atr,zone_meta_json
2025-12-31 10:00:00,129,NONE,56.2,56.1,9.0,4322.92,0,0,False,,NONE,ANALYZER_NONE,,,,,,,,,
2025-12-31 10:15:00,130,NONE,51.6,36.4,9.0,4326.18,0,0,False,,NONE,ANALYZER_NONE,,,,,,,,,
2025-12-31 10:30:00,131,NONE,51.0,34.0,9.0,4317.45,0,0,False,,NONE,ANALYZER_NONE,,,,,,,,,
2025-12-31 10:45:00,132,NONE,52.7,41.6,9.0,4307.41,0,0,False,,NONE,ANALYZER_NONE,,,,,,,,,
2025-12-31 11:00:00,133,NONE,52.9,43.1,9.0,4317.18,0,0,False,,NONE,ANALYZER_NONE,,,,,,,,,
2025-12-31 11:15:00,134,NONE,52.1,38.5,9.0,4323.77,0,0,False,,NONE,ANALYZER_NONE,,,,,,,,,
2025-12-31 11:30:00,135,NONE,51.8,37.1,9.0,4336.2,0,0,False,,NONE,ANALYZER_NONE,,,,,,,,,
2025-12-31 11:45:00,136,NONE,51.4,35.1,9.0,4325.78,0,0,False,,NONE,ANALYZER_NONE,,,,,,,,,
2025-12-31 12:00:00,137,NONE,49.1,31.8,9.0,4327.06,0,0,False,,NONE,ANALYZER_NONE,,,,,,,,,
2025-12-31 12:15:00,138,NONE,50.5,27.5,9.0,4319.73,0,0,False,,NONE,ANALYZER_NONE,,,,,,,,,
2025-12-31 12:30:00,139,NONE,50.1,28.1,9.0,4307.28,0,0,False,,NONE,ANALYZER_NONE,,,,,,,,,
2025-12-31 12:45:00,140,NONE,49.5,30.4,9.0,4306.71,0,0,False,,NONE,ANALYZER_NONE,,,,,,,,,
2025-12-31 13:00:00,141,SELL,44.5,52.1,9.0,4313.93,0,0,False,,SELL,Deviation exceeded without sufficient confidence.,NONE,False,65.86500000000342,0.0,,,,,
2025-12-31 13:15:00,142,NONE,44.2,53.5,9.0,4311.31,0,0,False,,NONE,ANALYZER_NONE,,,,,,,,,
2025-12-31 13:30:00,143,NONE,44.1,53.8,9.0,4312.62,0,0,False,,NONE,ANALYZER_NONE,,,,,,,,,
2025-12-31 13:45:00,144,NONE,44.3,53.4,9.0,4311.01,0,0,False,,NONE,ANALYZER_NONE,,,,,,,,,
2025-12-31 14:00:00,145,NONE,48.6,35.0,9.0,4308.96,0,0,False,,NONE,ANALYZER_NONE,,,,,,,,,
2025-12-31 14:15:00,146,NONE,49.2,32.4,9.0,4307.07,0,0,False,,NONE,ANALYZER_NONE,,,,,,,,,
2025-12-31 14:30:00,147,SELL,43.6,56.1,9.0,4317.15,0,0,False,,SELL,Risk validation failed.,NONE,False,33.66500000000997,1.499999999999995,,,,,
2025-12-31 14:45:00,148,NONE,43.3,57.0,9.0,4313.77,0,0,False,,NONE,ANALYZER_NONE,,,,,,,,,
2025-12-31 15:00:00,149,NONE,46.9,47.6,9.0,4311.76,0,0,False,,NONE,ANALYZER_NONE,,,,,,,,,
2025-12-31 15:15:00,150,NONE,51.7,36.3,9.0,4328.61,0,0,False,,NONE,ANALYZER_NONE,,,,,,,,,
2025-12-31 15:30:00,151,NONE,50.0,33.7,9.0,4333.06,0,0,False,,NONE,ANALYZER_NONE,,,,,,,,,
2025-12-31 15:45:00,152,NONE,66.6,70.7,9.0,4345.81,0,0,False,,NONE,ANALYZER_NONE,,,,,,,,,
2025-12-31 16:00:00,153,NONE,65.1,70.2,9.0,4340.17,0,0,False,,NONE,ANALYZER_NONE,,,,,,,,,
2025-12-31 16:15:00,154,NONE,47.8,44.1,9.0,4337.13,0,0,False,,NONE,ANALYZER_NONE,,,,,,,,,
2025-12-31 16:30:00,155,NONE,65.3,71.2,9.0,4344.07,0,0,False,,NONE,ANALYZER_NONE,,,,,,,,,
2025-12-31 16:45:00,156,NONE,61.4,66.2,9.0,4345.87,0,0,False,,NONE,ANALYZER_NONE,,,,,,,,,
2025-12-31 17:00:00,157,NONE,47.9,44.6,9.0,4331.8,0,0,False,,NONE,ANALYZER_NONE,,,,,,,,,
2025-12-31 17:15:00,158,NONE,47.9,44.8,9.0,4337.19,0,0,False,,NONE,ANALYZER_NONE,,,,,,,,,
2025-12-31 17:30:00,159,NONE,47.6,46.3,9.0,4331.11,0,0,False,,NONE,ANALYZER_NONE,,,,,,,,,
2025-12-31 17:45:00,160,NONE,52.3,36.2,9.0,4337.36,0,0,False,,NONE,ANALYZER_NONE,,,,,,,,,
2025-12-31 18:00:00,161,NONE,49.2,39.2,9.0,4324.03,0,0,False,,NONE,ANALYZER_NONE,,,,,,,,,
2025-12-31 18:15:00,162,NONE,49.1,39.8,9.0,4325.59,0,0,False,,NONE,ANALYZER_NONE,,,,,,,,,
2025-12-31 18:30:00,163,NONE,49.0,40.2,9.0,4319.86,0,0,False,,NONE,ANALYZER_NONE,,,,,,,,,
2025-12-31 18:45:00,164,NONE,49.6,37.5,9.0,4323.04,0,0,False,,NONE,ANALYZER_NONE,,,,,,,,,
2025-12-31 19:00:00,165,NONE,49.0,40.2,9.0,4323.44,0,0,False,,NONE,ANALYZER_NONE,,,,,,,,,
2025-12-31 19:15:00,166,NONE,49.1,39.8,9.0,4320.71,0,0,False,,NONE,ANALYZER_NONE,,,,,,,,,
2025-12-31 19:30:00,167,NONE,49.4,38.2,9.0,4325.55,0,0,False,,NONE,ANALYZER_NONE,,,,,,,,,
2025-12-31 19:45:00,168,NONE,49.4,38.3,9.0,4321.95,0,0,False,,NONE,ANALYZER_NONE,,,,,,,,,
2025-12-31 20:00:00,169,NONE,48.4,38.6,9.0,4327.67,0,0,False,,NONE,ANALYZER_NONE,,,,,,,,,
2025-12-31 20:15:00,170,NONE,48.3,38.9,9.0,4328.59,0,0,False,,NONE,ANALYZER_NONE,,,,,,,,,
2025-12-31 20:30:00,171,NONE,47.9,40.8,9.0,4322.14,0,0,False,,NONE,ANALYZER_NONE,,,,,,,,,
2025-12-31 20:45:00,172,NONE,48.0,40.5,9.0,4319.75,0,0,False,,NONE,ANALYZER_NONE,,,,,,,,,
2025-12-31 21:00:00,173,NONE,48.0,40.3,9.0,4317.93,0,0,False,,NONE,ANALYZER_NONE,,,,,,,,,
2025-12-31 21:15:00,174,NONE,48.0,40.4,9.0,4317.76,0,0,False,,NONE,ANALYZER_NONE,,,,,,,,,
2025-12-31 21:30:00,175,NONE,48.7,38.4,9.0,4310.93,0,0,False,,NONE,ANALYZER_NONE,,,,,,,,,
2025-12-31 21:45:00,176,SELL,41.3,62.6,9.0,4311.46,0,0,False,,SELL,Risk validation failed.,NONE,False,32.219999999997526,1.5,,,,,
2025-12-31 22:00:00,177,NONE,47.1,44.6,9.0,4314.98,0,0,False,,NONE,ANALYZER_NONE,,,,,,,,,
2025-12-31 22:15:00,178,NONE,40.7,63.4,9.0,4314.83,0,0,False,,NONE,ANALYZER_NONE,,,,,,,,,
2025-12-31 22:30:00,179,NONE,48.0,40.2,9.0,4321.15,0,0,False,,NONE,ANALYZER_NONE,,,,,,,,,
2025-12-31 22:45:00,180,NONE,48.4,38.5,9.0,4313.31,0,0,False,,NONE,ANALYZER_NONE,,,,,,,,,
2025-12-31 23:00:00,181,NONE,47.2,42.7,9.0,4313.14,0,0,False,,NONE,ANALYZER_NONE,,,,,,,,,
2025-12-31 23:15:00,182,NONE,39.3,64.0,9.0,4310.04,0,0,False,,NONE,ANALYZER_NONE,,,,,,,,,
2025-12-31 23:30:00,183,NONE,40.3,63.0,9.0,4314.74,0,0,False,,NONE,ANALYZER_NONE,,,,,,,,,
2025-12-31 23:45:00,184,NONE,41.5,62.3,9.0,4319.91,0,0,False,,NONE,ANALYZER_NONE,,,,,,,,,
2026-01-02 01:00:00,185,NONE,47.0,46.1,9.0,4330.97,0,0,False,,NONE,ANALYZER_NONE,,,,,,,,,
2026-01-02 01:15:00,186,NONE,46.9,46.5,9.0,4340.96,0,0,False,,NONE,ANALYZER_NONE,,,,,,,,,
2026-01-02 01:30:00,187,NONE,46.3,48.1,9.0,4345.32,0,0,False,,NONE,ANALYZER_NONE,,,,,,,,,
2026-01-02 01:45:00,188,NONE,46.4,47.8,9.0,4348.34,0,0,False,,NONE,ANALYZER_NONE,,,,,,,,,
2026-01-02 02:00:00,189,NONE,42.1,61.3,9.0,4348.01,0,0,False,,NONE,ANALYZER_NONE,,,,,,,,,
2026-01-02 02:15:00,190,NONE,42.2,61.2,9.0,4347.25,0,0,False,,NONE,ANALYZER_NONE,,,,,,,,,
2026-01-02 02:30:00,191,NONE,43.7,58.3,9.0,4349.67,0,0,False,,NONE,ANALYZER_NONE,,,,,,,,,
2026-01-02 02:45:00,192,NONE,53.8,40.0,9.0,4354.15,0,0,False,,NONE,ANALYZER_NONE,,,,,,,,,
2026-01-02 03:00:00,193,NONE,41.5,63.1,9.0,4346.66,0,0,False,,NONE,ANALYZER_NONE,,,,,,,,,
2026-01-02 03:15:00,194,NONE,42.6,61.2,9.0,4349.25,0,0,False,,NONE,ANALYZER_NONE,,,,,,,,,
2026-01-02 03:30:00,195,NONE,42.1,61.2,9.0,4346.64,0,0,False,,NONE,ANALYZER_NONE,,,,,,,,,
2026-01-02 03:45:00,196,NONE,41.6,62.0,9.0,4348.0,0,0,False,,NONE,ANALYZER_NONE,,,,,,,,,
2026-01-02 04:00:00,197,NONE,41.4,61.4,9.0,4346.97,0,0,False,,NONE,ANALYZER_NONE,,,,,,,,,
2026-01-02 04:15:00,198,NONE,42.6,60.0,9.0,4347.83,0,0,False,,NONE,ANALYZER_NONE,,,,,,,,,
2026-01-02 04:30:00,199,NONE,43.2,58.5,9.0,4351.52,0,0,False,,NONE,ANALYZER_NONE,,,,,,,,,
2026-01-02 04:45:00,200,NONE,63.9,65.6,9.0,4362.99,0,0,False,,NONE,ANALYZER_NONE,,,,,,,,,
2026-01-02 05:00:00,201,BUY,63.4,65.3,9.0,4369.0,0,0,False,,BUY,Risk validation failed.,NONE,False,25.172919896886015,1.700000000000002,,,,,
2026-01-02 05:15:00,202,BUY,63.9,65.5,9.0,4369.09,0,0,False,,BUY,Risk validation failed.,NONE,False,39.59000000000742,1.5000000000000049,,,,,
2026-01-02 05:30:00,203,BUY,64.1,65.6,9.0,4373.78,0,0,False,,BUY,Risk validation failed.,NONE,False,23.561124822199417,1.7,,,,,
2026-01-02 05:45:00,204,BUY,64.3,65.7,9.0,4375.19,0,0,False,,BUY,Risk validation failed.,NONE,False,33.84499999999207,1.5,,,,,
2026-01-02 06:00:00,205,BUY,64.2,65.6,9.0,4374.84,0,0,False,,BUY,Risk validation failed.,NONE,False,30.344999999997526,1.4999999999999956,,,,,
2026-01-02 06:15:00,206,BUY,64.1,65.5,9.0,4373.62,0,0,False,,BUY,Risk validation failed.,NONE,False,18.14499999999498,1.5000000000000044,,,,,
2026-01-02 06:30:00,207,BUY,63.6,65.1,9.0,4375.43,0,0,False,,BUY,Risk validation failed.,NONE,False,36.24499999999898,1.5,,,,,
2026-01-02 06:45:00,208,BUY,63.0,63.7,9.0,4373.19,0,0,False,,BUY,Risk validation failed.,NONE,False,13.84499999999207,1.5,,,,,
2026-01-02 07:00:00,209,BUY,64.5,65.7,9.0,4377.7,0,0,False,,BUY,Risk validation failed.,NONE,False,19.766380332212066,2.0,,,,,
2026-01-02 07:15:00,210,BUY,65.0,66.4,9.0,4378.53,0,0,False,,BUY,Risk validation failed.,NONE,False,19.16118314189589,2.0,,,,,
2026-01-02 07:30:00,211,BUY,63.1,64.6,9.0,4378.79,0,0,False,,BUY,Risk validation failed.,NONE,False,17.45101412162512,2.0,,,,,
2026-01-02 07:45:00,212,BUY,64.6,65.6,9.0,4380.68,0,0,False,,BUY,Risk validation failed.,NONE,False,16.52515496139131,2.0,,,,,
2026-01-02 08:00:00,213,BUY,64.0,65.2,9.0,4375.21,0,0,False,,BUY,Risk validation failed.,NONE,False,34.044999999996435,1.5,,,,,
2026-01-02 08:15:00,214,BUY,66.2,67.5,9.0,4379.85,0,0,False,,BUY,Risk validation failed.,NONE,False,17.791746502252863,2.0,,,,,
2026-01-02 08:30:00,215,BUY,65.0,65.7,9.0,4374.47,0,0,False,,BUY,Risk validation failed.,NONE,False,26.644999999998618,1.5,,,,,
2026-01-02 08:45:00,216,BUY,65.9,67.3,9.0,4374.73,0,0,False,,BUY,Risk validation failed.,NONE,False,29.244999999991705,1.5,,,,,
2026-01-02 09:00:00,217,BUY,64.5,65.3,9.0,4377.3,0,0,False,,BUY,Risk validation failed.,NONE,False,16.849875348352725,2.0,,,,,
2026-01-02 09:15:00,218,BUY,65.2,66.1,9.0,4373.91,0,0,False,,BUY,Risk validation failed.,NONE,False,21.044999999994616,1.5,,,,,
2026-01-02 09:30:00,219,BUY,63.6,64.5,9.0,4375.79,0,0,False,,BUY,Risk validation failed.,NONE,False,39.84499999999571,1.5,,,,,
2026-01-02 09:45:00,220,BUY,64.8,65.4,9.0,4382.81,0,0,False,,BUY,Risk validation failed.,NONE,False,19.3861897237457,2.0,,,,,
2026-01-02 10:00:00,221,BUY,66.7,69.4,9.0,4385.11,0,0,False,,BUY,Risk validation failed.,NONE,False,19.28101976321159,2.0,,,,,
2026-01-02 10:15:00,222,BUY,66.0,69.1,9.0,4385.36,0,0,False,,BUY,Risk validation failed.,NONE,False,18.449445511323574,2.0,,,,,
2026-01-02 10:30:00,223,BUY,68.5,69.9,9.0,4390.54,0,0,False,,BUY,Risk validation failed.,NONE,False,18.735239009702127,2.0,,,,,
2026-01-02 10:45:00,224,BUY,68.0,69.8,9.0,4387.04,0,0,False,,BUY,Risk validation failed.,NONE,False,4.56000000000131,1.5,,,,,
2026-01-02 11:00:00,225,BUY,68.2,69.8,9.0,4390.11,0,0,False,,BUY,Risk validation failed.,NONE,False,35.2599999999984,1.5,,,,,
2026-01-02 11:15:00,226,NONE,49.2,41.4,9.0,4388.8,0,0,False,,NONE,ANALYZER_NONE,,,,,,,,,
2026-01-02 11:30:00,227,NONE,47.7,46.4,9.0,4388.72,0,0,False,,NONE,ANALYZER_NONE,,,,,,,,,
2026-01-02 11:45:00,228,NONE,48.6,44.0,9.0,4385.48,0,0,False,,NONE,ANALYZER_NONE,,,,,,,,,
2026-01-02 12:00:00,229,NONE,46.3,49.4,9.0,4388.19,0,0,False,,NONE,ANALYZER_NONE,,,,,,,,,
2026-01-02 12:15:00,230,NONE,46.3,49.3,9.0,4386.44,0,0,False,,NONE,ANALYZER_NONE,,,,,,,,,
2026-01-02 12:30:00,231,NONE,47.5,44.9,9.0,4393.74,0,0,False,,NONE,ANALYZER_NONE,,,,,,,,,
2026-01-02 12:45:00,232,NONE,46.6,47.7,9.0,4396.12,0,0,False,,NONE,ANALYZER_NONE,,,,,,,,,
2026-01-02 13:00:00,233,NONE,46.5,48.3,9.0,4395.17,0,0,False,,NONE,ANALYZER_NONE,,,,,,,,,
2026-01-02 13:15:00,234,NONE,45.2,51.8,9.0,4394.5,0,0,False,,NONE,ANALYZER_NONE,,,,,,,,,
2026-01-02 13:30:00,235,NONE,47.0,45.9,9.0,4395.05,0,0,False,,NONE,ANALYZER_NONE,,,,,,,,,
2026-01-02 13:45:00,236,NONE,51.5,29.7,9.0,4393.0,0,0,False,,NONE,ANALYZER_NONE,,,,,,,,,
2026-01-02 14:00:00,237,NONE,47.2,44.8,9.0,4395.33,0,0,False,,NONE,ANALYZER_NONE,,,,,,,,,
2026-01-02 14:15:00,238,NONE,49.6,34.4,9.0,4393.22,0,0,False,,NONE,ANALYZER_NONE,,,,,,,,,
2026-01-02 14:30:00,239,NONE,45.4,51.9,9.0,4388.06,0,0,False,,NONE,ANALYZER_NONE,,,,,,,,,
2026-01-02 14:45:00,240,NONE,45.6,51.4,9.0,4394.42,0,0,False,,NONE,ANALYZER_NONE,,,,,,,,,
2026-01-02 15:00:00,241,NONE,49.3,39.6,9.0,4399.87,0,0,False,,NONE,ANALYZER_NONE,,,,,,,,,
2026-01-02 15:15:00,242,NONE,47.0,50.7,9.0,4374.61,0,0,False,,NONE,ANALYZER_NONE,,,,,,,,,
2026-01-02 15:30:00,243,NONE,49.1,40.2,9.0,4372.54,0,0,False,,NONE,ANALYZER_NONE,,,,,,,,,
2026-01-02 15:45:00,244,NONE,42.1,64.3,9.0,4365.99,0,0,False,,NONE,ANALYZER_NONE,,,,,,,,,
2026-01-02 16:00:00,245,NONE,41.8,64.7,9.0,4370.31,0,0,False,,NONE,ANALYZER_NONE,,,,,,,,,
2026-01-02 16:15:00,246,NONE,42.1,64.2,9.0,4368.51,0,0,False,,NONE,ANALYZER_NONE,,,,,,,,,
2026-01-02 16:30:00,247,NONE,42.8,63.6,9.0,4356.42,0,0,False,,NONE,ANALYZER_NONE,,,,,,,,,
2026-01-02 16:45:00,248,NONE,42.4,64.4,9.0,4353.6,0,0,False,,NONE,ANALYZER_NONE,,,,,,,,,
2026-01-02 17:00:00,249,NONE,42.4,63.4,9.0,4340.76,0,0,False,,NONE,ANALYZER_NONE,,,,,,,,,
2026-01-02 17:15:00,250,SELL,38.3,68.1,9.0,4336.62,0,0,False,,SELL,Risk validation failed.,NONE,False,40.510865203441426,2.0,,,,,
2026-01-02 17:30:00,251,SELL,35.3,69.4,9.0,4346.09,0,0,False,,SELL,Risk validation failed.,NONE,False,41.347884460092246,2.0,,,,,
2026-01-02 17:45:00,252,SELL,38.8,67.6,9.0,4335.43,0,0,False,,SELL,Risk validation failed.,NONE,False,41.34104382293117,2.0,,,,,
2026-01-02 18:00:00,253,SELL,39.0,67.5,9.0,4322.54,0,0,False,,SELL,Risk validation failed.,NONE,False,42.90375184822551,2.0,,,,,
2026-01-02 18:15:00,254,SELL,37.3,68.5,9.0,4321.69,0,0,False,,SELL,Risk validation failed.,NONE,False,46.895000000004075,1.5000000000000056,,,,,
2026-01-02 18:30:00,255,SELL,33.9,71.2,9.0,4325.89,0,0,False,,SELL,Risk validation failed.,NONE,False,41.024797276249956,2.0,,,,,
2026-01-02 18:45:00,256,NONE,32.9,71.3,9.0,4326.51,0,0,False,,NONE,ANALYZER_NONE,,,,,,,,,
2026-01-02 19:00:00,257,SELL,32.9,70.1,9.0,4330.26,0,0,False,,SELL,Risk validation failed.,NONE,False,36.65168779479245,2.0,,,,,
2026-01-02 19:15:00,258,NONE,30.6,69.7,9.0,4328.81,0,0,False,,NONE,ANALYZER_NONE,,,,,,,,,
2026-01-02 19:30:00,259,SELL,32.9,70.1,9.0,4326.41,0,0,False,,SELL,Risk validation failed.,NONE,False,33.821444094137405,2.0,,,,,
2026-01-02 19:45:00,260,SELL,37.5,68.0,9.0,4323.02,0,0,False,,SELL,Risk validation failed.,NONE,False,33.59499999999571,1.5,,,,,
2026-01-02 20:00:00,261,SELL,35.0,66.8,9.0,4314.51,0,0,False,,SELL,Risk validation failed.,NONE,False,31.80085688548388,2.0,,,,,
2026-01-02 20:15:00,262,SELL,35.3,66.3,9.0,4318.6,0,0,False,,SELL,Risk validation failed.,NONE,False,34.21999999999571,1.5,,,,,
2026-01-02 20:30:00,263,SELL,34.9,66.8,9.0,4312.47,0,0,False,,SELL,Risk validation failed.,NONE,False,31.824915262805007,2.0,,,,,
2026-01-02 20:45:00,264,SELL,34.9,66.8,9.0,4315.22,0,0,False,,SELL,Risk validation failed.,NONE,False,68.0199999999968,1.5,,,,,
2026-01-02 21:00:00,265,SELL,34.9,66.7,9.0,4321.49,0,0,False,,SELL,Risk validation failed.,NONE,False,5.320000000001528,1.4999999999999947,,,,,
2026-01-02 21:15:00,266,SELL,35.0,66.7,9.0,4318.55,0,0,False,,SELL,Risk validation failed.,NONE,False,27.120442264622397,2.0,,,,,
2026-01-02 21:30:00,267,SELL,35.0,66.2,9.0,4322.8,0,0,False,,SELL,Risk validation failed.,NONE,False,35.794999999998254,1.5,,,,,
2026-01-02 21:45:00,268,SELL,35.0,66.1,9.0,4318.25,0,0,False,,SELL,Risk validation failed.,NONE,False,25.616447378088196,2.0,,,,,
2026-01-02 22:00:00,269,SELL,35.9,65.7,9.0,4319.95,0,0,False,,SELL,Risk validation failed.,NONE,False,23.961240609796732,2.0,,,,,
2026-01-02 22:15:00,270,SELL,35.1,66.0,9.0,4328.58,0,0,False,,SELL,Risk validation failed.,NONE,False,25.28963480839593,2.0,,,,,
2026-01-02 22:30:00,271,SELL,35.6,65.8,9.0,4326.87,0,0,False,,SELL,Risk validation failed.,NONE,False,23.5782584071967,2.0,,,,,
2026-01-02 22:45:00,272,SELL,37.1,64.7,9.0,4331.51,0,0,False,,SELL,Risk validation failed.,NONE,False,22.578507206171707,1.700000000000005,,,,,
2026-01-02 23:00:00,273,SELL,37.3,63.7,9.0,4329.01,0,0,False,,SELL,Risk validation failed.,NONE,False,21.571577605282073,1.7000000000000013,,,,,
2026-01-02 23:15:00,274,NONE,34.9,65.6,9.0,4328.89,0,0,False,,NONE,ANALYZER_NONE,,,,,,,,,
2026-01-02 23:30:00,275,SELL,36.8,63.9,9.0,4328.6,0,0,False,,SELL,Risk validation failed.,NONE,False,18.201159056943652,1.7000000000000024,,,,,
2026-01-02 23:45:00,276,NONE,38.5,62.3,9.0,4333.1,0,0,False,,NONE,ANALYZER_NONE,,,,,,,,,
2026-01-05 01:00:00,277,NONE,53.0,39.3,9.0,4370.3,0,0,False,,NONE,ANALYZER_NONE,,,,,,,,,
2026-01-05 01:15:00,278,NONE,50.2,28.0,9.0,4366.96,0,0,False,,NONE,ANALYZER_NONE,,,,,,,,,
2026-01-05 01:30:00,279,NONE,48.7,32.2,9.0,4362.22,0,0,False,,NONE,ANALYZER_NONE,,,,,,,,,
2026-01-05 01:45:00,280,NONE,49.5,28.9,9.0,4372.5,0,0,False,,NONE,ANALYZER_NONE,,,,,,,,,
2026-01-05 02:00:00,281,NONE,48.1,34.6,9.0,4377.97,0,0,False,,NONE,ANALYZER_NONE,,,,,,,,,
2026-01-05 02:15:00,282,NONE,48.5,32.7,9.0,4387.04,0,0,False,,NONE,ANALYZER_NONE,,,,,,,,,
2026-01-05 02:30:00,283,NONE,49.6,29.2,9.0,4387.96,0,0,False,,NONE,ANALYZER_NONE,,,,,,,,,
2026-01-05 02:45:00,284,NONE,49.6,29.2,9.0,4395.05,0,0,False,,NONE,ANALYZER_NONE,,,,,,,,,
2026-01-05 03:00:00,285,NONE,59.5,61.3,9.0,4402.97,0,0,False,,NONE,ANALYZER_NONE,,,,,,,,,
2026-01-05 03:15:00,286,NONE,46.8,40.9,9.0,4396.08,0,0,False,,NONE,ANALYZER_NONE,,,,,,,,,
2026-01-05 03:30:00,287,BUY,63.8,65.1,9.0,4404.2,0,0,False,,BUY,Risk validation failed.,NONE,False,39.70454569361209,2.0,,,,,
2026-01-05 03:45:00,288,NONE,45.9,43.9,9.0,4402.03,0,0,False,,NONE,ANALYZER_NONE,,,,,,,,,
2026-01-05 04:00:00,289,NONE,45.3,46.1,9.0,4394.21,0,0,False,,NONE,ANALYZER_NONE,,,,,,,,,
2026-01-05 04:15:00,290,NONE,44.7,47.4,9.0,4402.21,0,0,False,,NONE,ANALYZER_NONE,,,,,,,,,
2026-01-05 04:30:00,291,NONE,45.8,43.8,9.0,4399.83,0,0,False,,NONE,ANALYZER_NONE,,,,,,,,,
2026-01-05 04:45:00,292,BUY,63.9,65.2,9.0,4405.43,0,0,False,,BUY,Risk validation failed.,NONE,False,37.51447952124181,2.0,,,,,
2026-01-05 05:00:00,293,NONE,45.1,46.7,9.0,4410.73,0,0,False,,NONE,ANALYZER_NONE,,,,,,,,,
2026-01-05 05:15:00,294,NONE,44.5,49.2,9.0,4407.6,0,0,False,,NONE,ANALYZER_NONE,,,,,,,,,
2026-01-05 05:30:00,295,NONE,44.0,50.8,9.0,4409.65,0,0,False,,NONE,ANALYZER_NONE,,,,,,,,,
2026-01-05 05:45:00,296,NONE,43.0,54.0,9.0,4400.0,0,0,False,,NONE,ANALYZER_NONE,,,,,,,,,
2026-01-05 06:00:00,297,NONE,42.7,53.9,9.0,4400.03,0,0,False,,NONE,ANALYZER_NONE,,,,,,,,,
2026-01-05 06:15:00,298,NONE,41.7,56.5,9.0,4404.81,0,0,False,,NONE,ANALYZER_NONE,,,,,,,,,
2026-01-05 06:30:00,299,NONE,42.1,55.4,9.0,4405.77,0,0,False,,NONE,ANALYZER_NONE,,,,,,,,,
2026-01-05 06:45:00,300,NONE,43.4,52.7,9.0,4404.18,0,0,False,,NONE,ANALYZER_NONE,,,,,,,,,
2026-01-05 07:00:00,301,NONE,44.1,50.3,9.0,4408.19,0,0,False,,NONE,ANALYZER_NONE,,,,,,,,,
2026-01-05 07:15:00,302,NONE,44.1,50.4,9.0,4412.61,0,0,False,,NONE,ANALYZER_NONE,,,,,,,,,
2026-01-05 07:30:00,303,NONE,45.3,46.6,9.0,4401.91,0,0,False,,NONE,ANALYZER_NONE,,,,,,,,,
2026-01-05 07:45:00,304,NONE,43.9,51.9,9.0,4412.55,0,0,False,,NONE,ANALYZER_NONE,,,,,,,,,
2026-01-05 08:00:00,305,NONE,43.8,52.1,9.0,4418.3,0,0,False,,NONE,ANALYZER_NONE,,,,,,,,,
2026-01-05 08:15:00,306,NONE,51.3,33.0,9.0,4424.1,0,0,False,,NONE,ANALYZER_NONE,,,,,,,,,
2026-01-05 08:30:00,307,NONE,42.2,55.8,9.0,4420.23,0,0,False,,NONE,ANALYZER_NONE,,,,,,,,,
2026-01-05 08:45:00,308,NONE,40.9,57.8,9.0,4420.3,0,0,False,,NONE,ANALYZER_NONE,,,,,,,,,
2026-01-05 09:00:00,309,NONE,42.0,55.2,9.0,4419.91,0,0,False,,NONE,ANALYZER_NONE,,,,,,,,,
2026-01-05 09:15:00,310,NONE,43.6,51.4,9.0,4420.35,0,0,False,,NONE,ANALYZER_NONE,,,,,,,,,
2026-01-05 09:30:00,311,NONE,53.0,40.8,9.0,4424.66,0,0,False,,NONE,ANALYZER_NONE,,,,,,,,,
2026-01-05 09:45:00,312,NONE,52.6,39.4,9.0,4421.87,0,0,False,,NONE,ANALYZER_NONE,,,,,,,,,
2026-01-05 10:00:00,313,NONE,55.6,55.8,9.0,4424.42,0,0,False,,NONE,ANALYZER_NONE,,,,,,,,,
2026-01-05 10:15:00,314,NONE,56.1,57.6,9.0,4426.51,0,0,False,,NONE,ANALYZER_NONE,,,,,,,,,
2026-01-05 10:30:00,315,NONE,57.0,60.1,9.0,4429.97,0,0,False,,NONE,ANALYZER_NONE,,,,,,,,,
2026-01-05 10:45:00,316,NONE,54.9,53.7,9.0,4430.06,0,0,False,,NONE,ANALYZER_NONE,,,,,,,,,
2026-01-05 11:00:00,317,NONE,55.5,55.9,9.0,4430.47,0,0,False,,NONE,ANALYZER_NONE,,,,,,,,,
2026-01-05 11:15:00,318,NONE,55.3,55.2,9.0,4432.61,0,0,False,,NONE,ANALYZER_NONE,,,,,,,,,
2026-01-05 11:30:00,319,NONE,55.8,57.0,9.0,4437.58,0,0,False,,NONE,ANALYZER_NONE,,,,,,,,,
2026-01-05 11:45:00,320,NONE,56.8,60.0,9.0,4434.85,0,0,False,,NONE,ANALYZER_NONE,,,,,,,,,
2026-01-05 12:00:00,321,NONE,52.2,38.4,9.0,4433.2,0,0,False,,NONE,ANALYZER_NONE,,,,,,,,,
2026-01-05 12:15:00,322,NONE,51.5,34.6,9.0,4433.15,0,0,False,,NONE,ANALYZER_NONE,,,,,,,,,
2026-01-05 12:30:00,323,NONE,52.4,39.7,9.0,4435.08,0,0,False,,NONE,ANALYZER_NONE,,,,,,,,,
2026-01-05 12:45:00,324,NONE,53.9,46.6,9.0,4436.25,0,0,False,,NONE,ANALYZER_NONE,,,,,,,,,
2026-01-05 13:00:00,325,NONE,55.2,52.9,9.0,4433.32,0,0,False,,NONE,ANALYZER_NONE,,,,,,,,,
2026-01-05 13:15:00,326,NONE,46.0,42.0,9.0,4417.21,0,0,False,,NONE,ANALYZER_NONE,,,,,,,,,
2026-01-05 13:30:00,327,NONE,53.5,45.4,9.0,4424.11,0,0,False,,NONE,ANALYZER_NONE,,,,,,,,,
2026-01-05 13:45:00,328,NONE,44.2,48.6,9.0,4419.34,0,0,False,,NONE,ANALYZER_NONE,,,,,,,,,
2026-01-05 14:00:00,329,NONE,44.2,48.6,9.0,4417.77,0,0,False,,NONE,ANALYZER_NONE,,,,,,,,,
2026-01-05 14:15:00,330,NONE,43.8,49.9,9.0,4415.75,0,0,False,,NONE,ANALYZER_NONE,,,,,,,,,
2026-01-05 14:30:00,331,NONE,43.8,50.1,9.0,4409.88,0,0,False,,NONE,ANALYZER_NONE,,,,,,,,,
2026-01-05 14:45:00,332,SELL,43.0,52.8,9.0,4409.68,0,0,False,,SELL,,MARKET,True,30.900000000001455,1.4999999999999853,,,,,
2026-01-05 15:00:00,333,NONE,47.9,36.2,9.0,4409.15,1,0,False,,NONE,ANALYZER_NONE,,,,,,,,,
2026-01-05 15:15:00,334,NONE,47.6,37.2,9.0,4399.55,1,0,False,,NONE,ANALYZER_NONE,,,,,,,,,
2026-01-05 15:30:00,335,NONE,47.3,37.6,9.0,4412.22,1,0,False,,NONE,ANALYZER_NONE,,,,,,,,,
2026-01-05 15:45:00,336,NONE,46.4,41.7,9.0,4416.81,1,0,False,,NONE,ANALYZER_NONE,,,,,,,,,
2026-01-05 16:00:00,337,NONE,47.0,38.9,9.0,4426.28,1,0,False,,NONE,ANALYZER_NONE,,,,,,,,,
2026-01-05 16:15:00,338,NONE,46.8,39.7,9.0,4421.13,1,0,False,,NONE,ANALYZER_NONE,,,,,,,,,
2026-01-05 16:30:00,339,NONE,47.9,35.7,9.0,4429.7,1,0,False,,NONE,ANALYZER_NONE,,,,,,,,,
2026-01-05 16:45:00,340,NONE,48.4,31.9,9.0,4436.63,0,0,False,,NONE,ANALYZER_NONE,,,,,,,,,
2026-01-05 17:00:00,341,NONE,55.1,57.4,9.0,4449.21,0,0,False,,NONE,ANALYZER_NONE,,,,,,,,,
2026-01-05 17:15:00,342,NONE,54.4,55.0,9.0,4444.66,0,0,False,,NONE,ANALYZER_NONE,,,,,,,,,
2026-01-05 17:30:00,343,NONE,63.0,68.9,9.0,4447.37,0,0,False,,NONE,ANALYZER_NONE,,,,,,,,,
2026-01-05 17:45:00,344,NONE,62.9,68.8,9.0,4448.58,0,0,False,,NONE,ANALYZER_NONE,,,,,,,,,
2026-01-05 18:00:00,345,NONE,62.7,68.7,9.0,4446.44,0,0,False,,NONE,ANALYZER_NONE,,,,,,,,,
2026-01-05 18:15:00,346,NONE,53.2,49.0,9.0,4440.8,0,0,False,,NONE,ANALYZER_NONE,,,,,,,,,
2026-01-05 18:30:00,347,NONE,62.6,67.9,9.0,4445.14,0,0,False,,NONE,ANALYZER_NONE,,,,,,,,,
2026-01-05 18:45:00,348,BUY,55.1,57.3,9.0,4441.85,0,0,False,,BUY,,LIMIT,True,61.895000000004075,1.5,,,,,
2026-01-05 19:00:00,349,NONE,62.7,68.8,9.0,4442.46,1,0,False,,NONE,ANALYZER_NONE,,,,,,,,,
2026-01-05 19:15:00,350,NONE,62.0,68.4,9.0,4445.93,1,0,False,,NONE,ANALYZER_NONE,,,,,,,,,
2026-01-05 19:30:00,351,NONE,45.6,45.3,9.0,4439.58,1,0,False,,NONE,ANALYZER_NONE,,,,,,,,,
2026-01-05 19:45:00,352,NONE,62.2,68.5,9.0,4443.51,1,0,False,,NONE,ANALYZER_NONE,,,,,,,,,
2026-01-05 20:00:00,353,NONE,59.1,62.9,9.0,4447.29,1,0,False,,NONE,ANALYZER_NONE,,,,,,,,,
2026-01-05 20:15:00,354,NONE,48.2,28.9,9.0,4441.27,1,0,False,,NONE,ANALYZER_NONE,,,,,,,,,
2026-01-05 20:30:00,355,NONE,55.8,54.6,9.0,4443.62,1,0,False,,NONE,ANALYZER_NONE,,,,,,,,,
2026-01-05 20:45:00,356,NONE,56.9,57.6,9.0,4448.43,1,0,False,,NONE,ANALYZER_NONE,,,,,,,,,
2026-01-05 21:00:00,357,NONE,51.3,38.2,9.0,4440.04,1,0,False,,NONE,ANALYZER_NONE,,,,,,,,,
2026-01-05 21:15:00,358,NONE,58.0,60.9,9.0,4441.67,1,0,False,,NONE,ANALYZER_NONE,,,,,,,,,
2026-01-05 21:30:00,359,NONE,55.2,53.3,9.0,4442.67,1,0,False,,NONE,ANALYZER_NONE,,,,,,,,,
2026-01-05 21:45:00,360,NONE,45.2,43.9,9.0,4439.78,1,0,False,,NONE,ANALYZER_NONE,,,,,,,,,
2026-01-05 22:00:00,361,NONE,59.3,62.9,9.0,4443.97,1,0,False,,NONE,ANALYZER_NONE,,,,,,,,,
2026-01-05 22:15:00,362,NONE,59.2,62.8,9.0,4445.63,1,0,False,,NONE,ANALYZER_NONE,,,,,,,,,
2026-01-05 22:30:00,363,NONE,46.3,39.1,9.0,4438.05,1,0,False,,NONE,ANALYZER_NONE,,,,,,,,,
2026-01-05 22:45:00,364,NONE,58.8,62.0,9.0,4444.87,1,0,False,,NONE,ANALYZER_NONE,,,,,,,,,
2026-01-05 23:00:00,365,NONE,55.7,53.4,9.0,4447.02,1,0,False,,NONE,ANALYZER_NONE,,,,,,,,,
2026-01-05 23:15:00,366,NONE,53.0,42.3,9.0,4445.53,1,0,False,,NONE,ANALYZER_NONE,,,,,,,,,
2026-01-05 23:30:00,367,NONE,51.1,33.8,9.0,4446.0,1,0,False,,NONE,ANALYZER_NONE,,,,,,,,,
2026-01-05 23:45:00,368,NONE,46.0,40.1,9.0,4448.74,1,0,False,,NONE,ANALYZER_NONE,,,,,,,,,
2026-01-06 01:00:00,369,NONE,58.0,61.5,9.0,4451.58,0,0,False,,NONE,ANALYZER_NONE,,,,,,,,,
2026-01-06 01:15:00,370,NONE,60.0,64.3,9.0,4449.05,0,0,False,,NONE,ANALYZER_NONE,,,,,,,,,
2026-01-06 01:30:00,371,NONE,60.8,65.2,9.0,4443.0,0,0,False,,NONE,ANALYZER_NONE,,,,,,,,,
2026-01-06 01:45:00,372,NONE,49.0,28.5,9.0,4440.57,0,0,False,,NONE,ANALYZER_NONE,,,,,,,,,
2026-01-06 02:00:00,373,NONE,48.9,29.0,9.0,4440.54,0,0,False,,NONE,ANALYZER_NONE,,,,,,,,,
2026-01-06 02:15:00,374,NONE,53.7,45.7,9.0,4440.87,0,0,False,,NONE,ANALYZER_NONE,,,,,,,,,
2026-01-06 02:30:00,375,NONE,46.5,41.5,9.0,4436.55,0,0,False,,NONE,ANALYZER_NONE,,,,,,,,,
2026-01-06 02:45:00,376,NONE,46.2,43.1,9.0,4436.43,0,0,False,,NONE,ANALYZER_NONE,,,,,,,,,
2026-01-06 03:00:00,377,NONE,64.7,67.4,9.0,4441.85,0,0,False,,NONE,ANALYZER_NONE,,,,,,,,,
2026-01-06 03:15:00,378,NONE,46.9,40.0,9.0,4434.98,0,0,False,,NONE,ANALYZER_NONE,,,,,,,,,
2026-01-06 03:30:00,379,NONE,46.5,41.5,9.0,4439.21,0,0,False,,NONE,ANALYZER_NONE,,,,,,,,,
2026-01-06 03:45:00,380,NONE,60.5,64.1,9.0,4450.55,0,0,False,,NONE,ANALYZER_NONE,,,,,,,,,
2026-01-06 04:00:00,381,NONE,60.6,64.1,9.0,4459.46,0,0,False,,NONE,ANALYZER_NONE,,,,,,,,,
2026-01-06 04:15:00,382,BUY,56.9,56.3,9.0,4460.36,0,0,False,,BUY,Risk validation failed.,NONE,False,45.50499999999374,1.5,,,,,
2026-01-06 04:30:00,383,NONE,59.4,62.6,9.0,4453.61,0,0,False,,NONE,ANALYZER_NONE,,,,,,,,,
2026-01-06 04:45:00,384,NONE,55.2,51.2,9.0,4454.91,0,0,False,,NONE,ANALYZER_NONE,,,,,,,,,
2026-01-06 05:00:00,385,NONE,57.2,57.9,9.0,4462.63,0,0,False,,NONE,ANALYZER_NONE,,,,,,,,,
2026-01-06 05:15:00,386,BUY,57.0,57.5,9.0,4463.66,0,0,False,,BUY,Risk validation failed.,NONE,False,23.55999999999767,1.5,,,,,
2026-01-06 05:30:00,387,BUY,56.0,53.1,9.0,4466.16,0,0,False,,BUY,Risk validation failed.,NONE,False,48.55999999999767,1.4999999999999933,,,,,
2026-01-06 05:45:00,388,NONE,55.8,52.6,9.0,4467.7,0,0,False,,NONE,ANALYZER_NONE,,,,,,,,,
2026-01-06 06:00:00,389,NONE,55.9,52.6,9.0,4465.66,0,0,False,,NONE,ANALYZER_NONE,,,,,,,,,
2026-01-06 06:15:00,390,BUY,56.4,55.5,9.0,4464.83,0,0,False,,BUY,Risk validation failed.,NONE,False,35.2599999999984,1.5000000000000067,,,,,
2026-01-06 06:30:00,391,BUY,57.0,57.4,9.0,4462.74,0,0,False,,BUY,Risk validation failed.,NONE,False,14.359999999996944,1.5,,,,,
2026-01-06 06:45:00,392,NONE,57.7,59.0,9.0,4467.4,0,0,False,,NONE,ANALYZER_NONE,,,,,,,,,
2026-01-06 07:00:00,393,BUY,58.6,61.9,9.0,4467.43,0,0,False,,BUY,Risk validation failed.,NONE,False,5.7700000000022555,1.5000000000000062,,,,,
2026-01-06 07:15:00,394,BUY,59.4,62.2,9.0,4469.74,0,0,False,,BUY,Risk validation failed.,NONE,False,28.869999999997162,1.5000000000000062,,,,,
2026-01-06 07:30:00,395,BUY,62.1,66.0,9.0,4463.22,0,0,False,,BUY,Risk validation failed.,NONE,False,19.160000000001673,1.5000000000000067,,,,,
2026-01-06 07:45:00,396,NONE,60.1,64.0,9.0,4452.62,0,0,False,,NONE,ANALYZER_NONE,,,,,,,,,
2026-01-06 08:00:00,397,NONE,57.5,58.1,9.0,4456.87,0,0,False,,NONE,ANALYZER_NONE,,,,,,,,,
2026-01-06 08:15:00,398,NONE,55.0,49.6,9.0,4461.21,0,0,False,,NONE,ANALYZER_NONE,,,,,,,,,
2026-01-06 08:30:00,399,NONE,56.6,55.3,9.0,4463.69,0,0,False,,NONE,ANALYZER_NONE,,,,,,,,,
2026-01-06 08:45:00,400,NONE,56.4,54.6,9.0,4465.72,0,0,False,,NONE,ANALYZER_NONE,,,,,,,,,
2026-01-06 09:00:00,401,NONE,56.3,54.1,9.0,4468.52,0,0,False,,NONE,ANALYZER_NONE,,,,,,,,,
2026-01-06 09:15:00,402,NONE,55.3,49.1,9.0,4464.64,0,0,False,,NONE,ANALYZER_NONE,,,,,,,,,
2026-01-06 09:30:00,403,NONE,52.8,37.2,9.0,4464.6,0,0,False,,NONE,ANALYZER_NONE,,,,,,,,,
2026-01-06 09:45:00,404,NONE,57.4,57.5,9.0,4459.51,0,0,False,,NONE,ANALYZER_NONE,,,,,,,,,
2026-01-06 10:00:00,405,NONE,60.3,66.2,9.0,4461.93,0,0,False,,NONE,ANALYZER_NONE,,,,,,,,,
2026-01-06 10:15:00,406,NONE,59.6,65.2,9.0,4470.92,0,0,False,,NONE,ANALYZER_NONE,,,,,,,,,
2026-01-06 10:30:00,407,BUY,61.3,67.1,9.0,4465.73,0,0,False,,BUY,,MARKET,True,16.20999999999185,1.5,,,,,
2026-01-06 10:45:00,408,BUY,59.4,64.7,9.0,4468.31,1,0,False,,NONE,MIN_CANDLES_BETWEEN_TRADES,,,,,,,,,
2026-01-06 11:00:00,409,NONE,60.7,66.5,9.0,4457.93,1,0,False,,NONE,ANALYZER_NONE,,,,,,,,,
2026-01-06 11:15:00,410,NONE,50.6,31.2,9.0,4456.8,1,0,False,,NONE,ANALYZER_NONE,,,,,,,,,
2026-01-06 11:30:00,411,NONE,49.1,35.2,9.0,4455.96,1,0,False,,NONE,ANALYZER_NONE,,,,,,,,,
2026-01-06 11:45:00,412,NONE,47.3,46.3,9.0,4446.29,1,0,False,,NONE,ANALYZER_NONE,,,,,,,,,
2026-01-06 12:00:00,413,NONE,46.3,45.4,9.0,4450.27,1,0,False,,NONE,ANALYZER_NONE,,,,,,,,,
2026-01-06 12:15:00,414,NONE,46.0,46.8,9.0,4450.16,1,0,False,,NONE,ANALYZER_NONE,,,,,,,,,
2026-01-06 12:30:00,415,NONE,46.0,46.7,9.0,4451.16,1,0,False,,NONE,ANALYZER_NONE,,,,,,,,,
2026-01-06 12:45:00,416,NONE,46.5,43.3,9.0,4451.84,1,0,False,,NONE,ANALYZER_NONE,,,,,,,,,
2026-01-06 13:00:00,417,NONE,45.8,47.5,9.0,4450.85,1,0,False,,NONE,ANALYZER_NONE,,,,,,,,,
2026-01-06 13:15:00,418,NONE,46.1,46.4,9.0,4455.63,1,0,False,,NONE,ANALYZER_NONE,,,,,,,,,
2026-01-06 13:30:00,419,NONE,59.0,61.7,9.0,4462.04,1,0,False,,NONE,ANALYZER_NONE,,,,,,,,,
2026-01-06 13:45:00,420,NONE,60.4,63.0,9.0,4463.31,1,0,False,,NONE,ANALYZER_NONE,,,,,,,,,
2026-01-06 14:00:00,421,BUY,56.9,55.5,9.0,4462.18,1,0,False,,BUY,,MARKET,True,30.745000000006257,1.4999999999999847,,,,,
2026-01-06 14:15:00,422,NONE,57.8,57.9,9.0,4464.48,2,0,False,,NONE,ANALYZER_NONE,,,,,,,,,
2026-01-06 14:30:00,423,BUY,58.7,59.9,9.0,4462.05,2,0,False,,NONE,MIN_CANDLES_BETWEEN_TRADES,,,,,,,,,
2026-01-06 14:45:00,424,NONE,55.7,50.7,9.0,4463.71,2,0,False,,NONE,ANALYZER_NONE,,,,,,,,,
2026-01-06 15:00:00,425,NONE,62.6,68.6,9.0,4465.56,2,0,False,,NONE,ANALYZER_NONE,,,,,,,,,
2026-01-06 15:15:00,426,BUY,69.3,72.2,9.0,4459.14,2,0,False,,NONE,MIN_CANDLES_BETWEEN_TRADES,,,,,,,,,
2026-01-06 15:30:00,427,NONE,64.2,68.8,9.0,4461.19,1,0,False,,NONE,ANALYZER_NONE,,,,,,,,,
2026-01-06 15:45:00,428,NONE,64.2,68.7,9.0,4467.96,1,0,False,,NONE,ANALYZER_NONE,,,,,,,,,
2026-01-06 16:00:00,429,NONE,63.7,68.5,9.0,4471.75,1,0,False,,NONE,ANALYZER_NONE,,,,,,,,,
2026-01-06 16:15:00,430,BUY,63.6,68.3,9.0,4466.81,1,0,False,,NONE,MIN_CANDLES_BETWEEN_TRADES,,,,,,,,,
2026-01-06 16:30:00,431,NONE,66.2,71.6,9.0,4479.55,1,0,False,,NONE,ANALYZER_NONE,,,,,,,,,
2026-01-06 16:45:00,432,NONE,65.7,70.8,9.0,4487.31,1,0,False,,NONE,ANALYZER_NONE,,,,,,,,,
2026-01-06 17:00:00,433,BUY,66.2,70.9,9.0,4480.22,1,0,False,,BUY,Risk validation failed.,NONE,False,17.06000000000131,1.5,,,,,
2026-01-06 17:15:00,434,BUY,63.8,68.3,9.0,4480.96,1,0,False,,BUY,Risk validation failed.,NONE,False,24.459999999999127,1.5000000000000089,,,,,
2026-01-06 17:30:00,435,NONE,54.9,49.2,9.0,4475.39,1,0,False,,NONE,ANALYZER_NONE,,,,,,,,,
2026-01-06 17:45:00,436,NONE,65.9,70.8,9.0,4478.37,1,0,False,,NONE,ANALYZER_NONE,,,,,,,,,
2026-01-06 18:00:00,437,NONE,64.6,68.6,9.0,4478.83,1,0,False,,NONE,ANALYZER_NONE,,,,,,,,,
2026-01-06 18:15:00,438,NONE,66.1,70.8,9.0,4483.51,1,0,False,,NONE,ANALYZER_NONE,,,,,,,,,
2026-01-06 18:30:00,439,NONE,66.7,70.9,9.0,4488.16,1,0,False,,NONE,ANALYZER_NONE,,,,,,,,,
2026-01-06 18:45:00,440,NONE,65.5,70.5,9.0,4488.32,1,0,False,,NONE,ANALYZER_NONE,,,,,,,,,
2026-01-06 19:00:00,441,NONE,64.9,68.6,9.0,4488.48,0,0,False,,NONE,ANALYZER_NONE,,,,,,,,,
2026-01-06 19:15:00,442,NONE,65.3,69.1,9.0,4487.26,0,0,False,,NONE,ANALYZER_NONE,,,,,,,,,
2026-01-06 19:30:00,443,NONE,66.0,69.4,9.0,4483.9,0,0,False,,NONE,ANALYZER_NONE,,,,,,,,,
2026-01-06 19:45:00,444,NONE,65.2,69.0,9.0,4489.48,0,0,False,,NONE,ANALYZER_NONE,,,,,,,,,
2026-01-06 20:00:00,445,NONE,64.0,65.0,9.0,4491.14,0,0,False,,NONE,ANALYZER_NONE,,,,,,,,,
2026-01-06 20:15:00,446,NONE,63.3,64.3,9.0,4485.86,0,0,False,,NONE,ANALYZER_NONE,,,,,,,,,
2026-01-06 20:30:00,447,NONE,60.3,60.4,9.0,4486.22,0,0,False,,NONE,ANALYZER_NONE,,,,,,,,,
2026-01-06 20:45:00,448,NONE,60.3,59.3,9.0,4488.49,0,0,False,,NONE,ANALYZER_NONE,,,,,,,,,
2026-01-06 21:00:00,449,NONE,62.2,63.0,9.0,4482.13,0,0,False,,NONE,ANALYZER_NONE,,,,,,,,,
2026-01-06 21:15:00,450,NONE,60.4,60.2,9.0,4480.91,0,0,False,,NONE,ANALYZER_NONE,,,,,,,,,
2026-01-06 21:30:00,451,NONE,59.5,58.4,9.0,4481.47,0,0,False,,NONE,ANALYZER_NONE,,,,,,,,,
2026-01-06 21:45:00,452,NONE,59.4,58.1,9.0,4481.33,0,0,False,,NONE,ANALYZER_NONE,,,,,,,,,
2026-01-06 22:00:00,453,NONE,58.1,54.8,9.0,4485.41,0,0,False,,NONE,ANALYZER_NONE,,,,,,,,,
2026-01-06 22:15:00,454,NONE,54.8,40.5,9.0,4485.65,0,0,False,,NONE,ANALYZER_NONE,,,,,,,,,
2026-01-06 22:30:00,455,NONE,59.4,57.9,9.0,4489.84,0,0,False,,NONE,ANALYZER_NONE,,,,,,,,,
2026-01-06 22:45:00,456,NONE,60.4,60.0,9.0,4493.76,0,0,False,,NONE,ANALYZER_NONE,,,,,,,,,
2026-01-06 23:00:00,457,BUY,57.3,50.7,9.0,4491.95,0,0,False,,BUY,Risk validation failed.,NONE,False,5.199999999995271,1.5,,,,,
2026-01-06 23:15:00,458,BUY,56.2,46.3,9.0,4494.04,0,0,False,,BUY,Risk validation failed.,NONE,False,26.099999999996726,1.5000000000000089,,,,,
2026-01-06 23:30:00,459,NONE,57.0,49.3,9.0,4496.25,0,0,False,,NONE,ANALYZER_NONE,,,,,,,,,
2026-01-06 23:45:00,460,NONE,57.6,51.5,9.0,4495.04,0,0,False,,NONE,ANALYZER_NONE,,,,,,,,,
2026-01-07 01:00:00,461,NONE,60.7,60.3,9.0,4497.38,0,0,False,,NONE,ANALYZER_NONE,,,,,,,,,
2026-01-07 01:15:00,462,NONE,62.5,63.8,9.0,4498.43,0,0,False,,NONE,ANALYZER_NONE,,,,,,,,,
2026-01-07 01:30:00,463,NONE,60.2,59.2,9.0,4495.38,0,0,False,,NONE,ANALYZER_NONE,,,,,,,,,
2026-01-07 01:45:00,464,BUY,62.2,63.3,9.0,4493.43,0,0,False,,BUY,Risk validation failed.,NONE,False,20.0,1.5,,,,,
2026-01-07 02:00:00,465,BUY,59.7,58.0,9.0,4493.19,0,0,False,,BUY,Risk validation failed.,NONE,False,17.599999999993088,1.4999999999999911,,,,,
2026-01-07 02:15:00,466,BUY,58.0,53.3,9.0,4491.17,0,0,False,,BUY,Risk validation failed.,NONE,False,27.25999999999658,1.5,,,,,
2026-01-07 02:30:00,467,BUY,60.2,59.8,9.0,4489.83,0,0,False,,BUY,Risk validation failed.,NONE,False,13.859999999995125,1.5,,,,,
2026-01-07 02:45:00,468,NONE,60.1,59.5,9.0,4492.1,0,0,False,,NONE,ANALYZER_NONE,,,,,,,,,
2026-01-07 03:00:00,469,NONE,41.1,64.2,9.0,4471.09,0,0,False,,NONE,ANALYZER_NONE,,,,,,,,,
2026-01-07 03:15:00,470,SELL,39.5,65.8,9.0,4477.14,0,0,False,,SELL,,MARKET,True,24.69999999999345,1.5,,,,,
2026-01-07 03:30:00,471,NONE,40.0,64.6,9.0,4468.57,1,0,False,,NONE,ANALYZER_NONE,,,,,,,,,
2026-01-07 03:45:00,472,NONE,39.1,65.2,9.0,4465.5,1,0,False,,NONE,ANALYZER_NONE,,,,,,,,,
2026-01-07 04:00:00,473,NONE,39.2,65.1,9.0,4472.39,1,0,False,,NONE,ANALYZER_NONE,,,,,,,,,
2026-01-07 04:15:00,474,SELL,37.8,65.1,9.0,4473.92,1,0,False,,NONE,MIN_CANDLES_BETWEEN_TRADES,,,,,,,,,
2026-01-07 04:30:00,475,SELL,39.1,65.1,9.0,4475.88,1,0,False,,NONE,MIN_CANDLES_BETWEEN_TRADES,,,,,,,,,
2026-01-07 04:45:00,476,SELL,38.9,65.2,9.0,4474.86,1,0,False,,NONE,MIN_CANDLES_BETWEEN_TRADES,,,,,,,,,
2026-01-07 05:00:00,477,SELL,39.0,65.1,9.0,4474.79,1,0,False,,NONE,MIN_CANDLES_BETWEEN_TRADES,,,,,,,,,
2026-01-07 05:15:00,478,SELL,39.4,64.8,9.0,4476.44,1,0,False,,NONE,MIN_CANDLES_BETWEEN_TRADES,,,,,,,,,
2026-01-07 05:30:00,479,SELL,38.2,64.7,9.0,4478.36,1,0,False,,NONE,MIN_CANDLES_BETWEEN_TRADES,,,,,,,,,
2026-01-07 05:45:00,480,NONE,40.3,63.8,9.0,4474.69,1,0,False,,NONE,ANALYZER_NONE,,,,,,,,,
2026-01-07 06:00:00,481,NONE,36.1,66.5,9.0,4470.44,1,0,False,,NONE,ANALYZER_NONE,,,,,,,,,
2026-01-07 06:15:00,482,NONE,35.9,66.5,9.0,4466.14,1,0,False,,NONE,ANALYZER_NONE,,,,,,,,,
2026-01-07 06:30:00,483,SELL,35.7,66.6,9.0,4465.3,1,0,False,,SELL,,MARKET,True,35.81499999999323,1.5,,,,,
2026-01-07 06:45:00,484,SELL,34.8,66.4,9.0,4464.85,2,0,False,,NONE,MIN_CANDLES_BETWEEN_TRADES,,,,,,,,,
2026-01-07 07:00:00,485,SELL,35.8,66.5,9.0,4465.95,2,0,False,,NONE,MIN_CANDLES_BETWEEN_TRADES,,,,,,,,,
2026-01-07 07:15:00,486,SELL,36.7,66.0,9.0,4468.73,2,0,False,,NONE,MIN_CANDLES_BETWEEN_TRADES,,,,,,,,,
2026-01-07 07:30:00,487,SELL,36.3,66.9,9.0,4452.49,1,0,False,,NONE,MIN_CANDLES_BETWEEN_TRADES,,,,,,,,,
2026-01-07 07:45:00,488,SELL,36.3,66.9,9.0,4454.4,1,0,False,,NONE,MIN_CANDLES_BETWEEN_TRADES,,,,,,,,,
2026-01-07 08:00:00,489,SELL,29.7,68.0,9.0,4456.18,1,0,False,,NONE,MIN_CANDLES_BETWEEN_TRADES,,,,,,,,,
2026-01-07 08:15:00,490,SELL,29.0,68.0,9.0,4455.15,1,0,False,,NONE,MIN_CANDLES_BETWEEN_TRADES,,,,,,,,,
2026-01-07 08:30:00,491,SELL,34.8,67.0,9.0,4446.67,1,0,False,,NONE,MIN_CANDLES_BETWEEN_TRADES,,,,,,,,,
2026-01-07 08:45:00,492,SELL,34.6,67.0,9.0,4444.19,1,0,False,,NONE,MIN_CANDLES_BETWEEN_TRADES,,,,,,,,,
2026-01-07 09:00:00,493,SELL,36.8,65.6,9.0,4450.22,1,0,False,,SELL,Risk validation failed.,NONE,False,10.214999999998327,1.4999999999999916,,,,,
2026-01-07 09:15:00,494,SELL,31.0,67.7,9.0,4454.96,1,0,False,,SELL,,MARKET,True,26.662903611168076,1.7000000000000097,,,,,
2026-01-07 09:30:00,495,SELL,31.0,66.9,9.0,4458.91,2,0,False,,NONE,MIN_CANDLES_BETWEEN_TRADES,,,,,,,,,
2026-01-07 09:45:00,496,SELL,31.3,67.7,9.0,4461.17,2,0,False,,NONE,MIN_CANDLES_BETWEEN_TRADES,,,,,,,,,
2026-01-07 10:00:00,497,SELL,40.7,64.9,9.0,4465.81,2,0,False,,NONE,MIN_CANDLES_BETWEEN_TRADES,,,,,,,,,
2026-01-07 10:15:00,498,SELL,40.9,64.5,9.0,4465.16,2,0,False,,NONE,MIN_CANDLES_BETWEEN_TRADES,,,,,,,,,
2026-01-07 10:30:00,499,SELL,41.6,63.4,9.0,4466.83,2,0,False,,NONE,MIN_CANDLES_BETWEEN_TRADES,,,,,,,,,
2026-01-07 10:45:00,500,NONE,57.0,54.9,9.0,4468.33,2,0,False,,NONE,ANALYZER_NONE,,,,,,,,,
2026-01-07 11:00:00,501,NONE,57.9,57.5,9.0,4465.87,2,0,False,,NONE,ANALYZER_NONE,,,,,,,,,
2026-01-07 11:15:00,502,NONE,56.0,51.6,9.0,4462.06,2,0,False,,NONE,ANALYZER_NONE,,,,,,,,,
2026-01-07 11:30:00,503,NONE,54.2,44.4,9.0,4461.51,1,0,False,,NONE,ANALYZER_NONE,,,,,,,,,
2026-01-07 11:45:00,504,NONE,54.5,45.8,9.0,4463.55,1,0,False,,NONE,ANALYZER_NONE,,,,,,,,,
2026-01-07 12:00:00,505,NONE,50.3,30.0,9.0,4464.77,1,0,False,,NONE,ANALYZER_NONE,,,,,,,,,
2026-01-07 12:15:00,506,NONE,50.7,28.7,9.0,4459.89,1,0,False,,NONE,ANALYZER_NONE,,,,,,,,,
2026-01-07 12:30:00,507,NONE,53.0,34.9,9.0,4466.08,1,0,False,,NONE,ANALYZER_NONE,,,,,,,,,
2026-01-07 12:45:00,508,NONE,50.0,30.7,9.0,4464.4,1,0,False,,NONE,ANALYZER_NONE,,,,,,,,,
2026-01-07 13:00:00,509,NONE,49.7,31.8,9.0,4461.74,1,0,False,,NONE,ANALYZER_NONE,,,,,,,,,
2026-01-07 13:15:00,510,NONE,43.5,55.6,9.0,4459.05,1,0,False,,NONE,ANALYZER_NONE,,,,,,,,,
2026-01-07 13:30:00,511,NONE,39.7,62.7,9.0,4450.55,1,0,False,,NONE,ANALYZER_NONE,,,,,,,,,
2026-01-07 13:45:00,512,NONE,40.0,63.2,9.0,4447.38,1,0,False,,NONE,ANALYZER_NONE,,,,,,,,,
2026-01-07 14:00:00,513,NONE,39.5,63.8,9.0,4445.73,1,0,False,,NONE,ANALYZER_NONE,,,,,,,,,
2026-01-07 14:15:00,514,NONE,40.5,62.3,9.0,4450.1,0,0,False,,NONE,ANALYZER_NONE,,,,,,,,,
2026-01-07 14:30:00,515,NONE,39.9,62.3,9.0,4449.98,0,0,False,,NONE,ANALYZER_NONE,,,,,,,,,
2026-01-07 14:45:00,516,NONE,39.7,62.5,9.0,4445.15,0,0,False,,NONE,ANALYZER_NONE,,,,,,,,,
2026-01-07 15:00:00,517,SELL,43.7,59.1,9.0,4433.55,0,0,False,,SELL,Risk validation failed.,NONE,False,30.002377663595325,1.6999999999999946,,,,,
2026-01-07 15:15:00,518,SELL,42.3,61.4,9.0,4442.12,0,0,False,,SELL,Risk validation failed.,NONE,False,33.14203799736788,1.700000000000007,,,,,
2026-01-07 15:30:00,519,SELL,43.3,58.9,9.0,4445.48,0,0,False,,SELL,,MARKET,True,33.981746854888115,1.700000000000002,,,,,
2026-01-07 15:45:00,520,SELL,43.1,59.5,9.0,4452.95,1,0,False,,NONE,MIN_CANDLES_BETWEEN_TRADES,,,,,,,,,
2026-01-07 16:00:00,521,SELL,43.1,59.3,9.0,4447.31,1,0,False,,NONE,MIN_CANDLES_BETWEEN_TRADES,,,,,,,,,
2026-01-07 16:15:00,522,SELL,42.9,59.8,9.0,4444.66,1,0,False,,NONE,MIN_CANDLES_BETWEEN_TRADES,,,,,,,,,
2026-01-07 16:30:00,523,NONE,52.2,37.3,9.0,4444.23,1,0,False,,NONE,ANALYZER_NONE,,,,,,,,,
2026-01-07 16:45:00,524,NONE,51.9,36.2,9.0,4445.53,1,0,False,,NONE,ANALYZER_NONE,,,,,,,,,
2026-01-07 17:00:00,525,NONE,51.0,32.7,9.0,4426.69,1,0,False,,NONE,ANALYZER_NONE,,,,,,,,,
2026-01-07 17:15:00,526,NONE,51.9,36.2,9.0,4442.1,1,0,False,,NONE,ANALYZER_NONE,,,,,,,,,
2026-01-07 17:30:00,527,NONE,51.7,35.7,9.0,4442.15,1,0,False,,NONE,ANALYZER_NONE,,,,,,,,,
2026-01-07 17:45:00,528,NONE,51.4,34.4,9.0,4446.04,1,0,False,,NONE,ANALYZER_NONE,,,,,,,,,
2026-01-07 18:00:00,529,NONE,51.4,34.5,9.0,4447.11,1,0,False,,NONE,ANALYZER_NONE,,,,,,,,,
2026-01-07 18:15:00,530,NONE,52.5,39.2,9.0,4457.88,1,0,False,,NONE,ANALYZER_NONE,,,,,,,,,
2026-01-07 18:30:00,531,NONE,52.6,39.9,9.0,4467.71,1,0,False,,NONE,ANALYZER_NONE,,,,,,,,,
2026-01-07 18:45:00,532,NONE,52.3,38.5,9.0,4464.27,1,0,False,,NONE,ANALYZER_NONE,,,,,,,,,
2026-01-07 19:00:00,533,NONE,49.8,31.9,9.0,4460.15,1,0,False,,NONE,ANALYZER_NONE,,,,,,,,,
2026-01-07 19:15:00,534,NONE,45.3,50.8,9.0,4458.49,1,0,False,,NONE,ANALYZER_NONE,,,,,,,,,
2026-01-07 19:30:00,535,NONE,44.1,56.0,9.0,4456.89,1,0,False,,NONE,ANALYZER_NONE,,,,,,,,,
2026-01-07 19:45:00,536,NONE,41.7,62.2,9.0,4451.95,1,0,False,,NONE,ANALYZER_NONE,,,,,,,,,
2026-01-07 20:00:00,537,SELL,39.7,62.9,9.0,4449.87,1,0,False,,SELL,Risk validation failed.,NONE,False,36.48000000000138,1.5,,,,,
2026-01-07 20:15:00,538,SELL,39.4,63.2,9.0,4452.15,1,0,False,,SELL,Risk validation failed.,NONE,False,13.680000000003929,1.5,,,,,
2026-01-07 20:30:00,539,NONE,39.0,62.9,9.0,4456.23,0,0,False,,NONE,ANALYZER_NONE,,,,,,,,,
2026-01-07 20:45:00,540,NONE,40.0,61.4,9.0,4452.11,0,0,False,,NONE,ANALYZER_NONE,,,,,,,,,
2026-01-07 21:00:00,541,NONE,40.5,60.7,9.0,4449.6,0,0,False,,NONE,ANALYZER_NONE,,,,,,,,,
2026-01-07 21:15:00,542,NONE,38.8,62.9,9.0,4450.59,0,0,False,,NONE,ANALYZER_NONE,,,,,,,,,
2026-01-07 21:30:00,543,NONE,40.6,60.4,9.0,4453.34,0,0,False,,NONE,ANALYZER_NONE,,,,,,,,,
2026-01-07 21:45:00,544,NONE,40.8,59.9,9.0,4456.94,0,0,False,,NONE,ANALYZER_NONE,,,,,,,,,
2026-01-07 22:00:00,545,NONE,40.1,61.1,9.0,4458.36,0,0,False,,NONE,ANALYZER_NONE,,,,,,,,,
2026-01-07 22:15:00,546,NONE,39.2,62.3,9.0,4458.29,0,0,False,,NONE,ANALYZER_NONE,,,,,,,,,
2026-01-07 22:30:00,547,NONE,41.2,59.0,9.0,4456.96,0,0,False,,NONE,ANALYZER_NONE,,,,,,,,,
2026-01-07 22:45:00,548,NONE,42.1,57.2,9.0,4452.04,0,0,False,,NONE,ANALYZER_NONE,,,,,,,,,
2026-01-07 23:00:00,549,SELL,39.5,61.0,9.0,4453.99,0,0,False,,SELL,,MARKET,True,10.190000000002328,1.5,,,,,
2026-01-07 23:15:00,550,NONE,47.7,35.3,9.0,4452.51,1,0,False,,NONE,ANALYZER_NONE,,,,,,,,,
2026-01-07 23:30:00,551,NONE,47.7,35.2,9.0,4453.29,1,0,False,,NONE,ANALYZER_NONE,,,,,,,,,
2026-01-07 23:45:00,552,NONE,48.2,33.3,9.0,4456.46,1,0,False,,NONE,ANALYZER_NONE,,,,,,,,,
2026-01-08 01:00:00,553,NONE,48.8,31.9,9.0,4459.82,1,0,False,,NONE,ANALYZER_NONE,,,,,,,,,
2026-01-08 01:15:00,554,NONE,49.5,29.9,9.0,4462.04,1,0,False,,NONE,ANALYZER_NONE,,,,,,,,,
2026-01-08 01:30:00,555,NONE,49.2,30.1,9.0,4461.74,1,0,False,,NONE,ANALYZER_NONE,,,,,,,,,
2026-01-08 01:45:00,556,NONE,49.2,30.0,9.0,4463.43,1,0,False,,NONE,ANALYZER_NONE,,,,,,,,,
2026-01-08 02:00:00,557,NONE,49.2,31.0,9.0,4465.67,1,0,False,,NONE,ANALYZER_NONE,,,,,,,,,
2026-01-08 02:15:00,558,NONE,49.1,30.5,9.0,4456.92,1,0,False,,NONE,ANALYZER_NONE,,,,,,,,,
2026-01-08 02:30:00,559,NONE,50.4,29.2,9.0,4451.54,1,0,False,,NONE,ANALYZER_NONE,,,,,,,,,
2026-01-08 02:45:00,560,NONE,50.0,27.9,9.0,4450.23,1,0,False,,NONE,ANALYZER_NONE,,,,,,,,,
2026-01-08 03:00:00,561,NONE,50.2,28.5,9.0,4457.2,1,0,False,,NONE,ANALYZER_NONE,,,,,,,,,
2026-01-08 03:15:00,562,NONE,49.4,30.3,9.0,4455.03,1,0,False,,NONE,ANALYZER_NONE,,,,,,,,,
2026-01-08 03:30:00,563,NONE,48.9,31.2,9.0,4447.61,1,0,False,,NONE,ANALYZER_NONE,,,,,,,,,
2026-01-08 03:45:00,564,NONE,48.6,32.2,9.0,4448.47,1,0,False,,NONE,ANALYZER_NONE,,,,,,,,,
2026-01-08 04:00:00,565,NONE,48.7,31.7,9.0,4446.64,1,0,False,,NONE,ANALYZER_NONE,,,,,,,,,
2026-01-08 04:15:00,566,NONE,48.8,31.6,9.0,4441.24,1,0,False,,NONE,ANALYZER_NONE,,,,,,,,,
2026-01-08 04:30:00,567,NONE,49.3,30.4,9.0,4441.94,1,0,False,,NONE,ANALYZER_NONE,,,,,,,,,
2026-01-08 04:45:00,568,NONE,47.9,35.1,9.0,4441.27,1,0,False,,NONE,ANALYZER_NONE,,,,,,,,,
2026-01-08 05:00:00,569,NONE,47.6,36.6,9.0,4442.61,0,0,False,,NONE,ANALYZER_NONE,,,,,,,,,
2026-01-08 05:15:00,570,NONE,47.8,35.7,9.0,4444.24,0,0,False,,NONE,ANALYZER_NONE,,,,,,,,,
2026-01-08 05:30:00,571,NONE,45.1,46.0,9.0,4442.11,0,0,False,,NONE,ANALYZER_NONE,,,,,,,,,
2026-01-08 05:45:00,572,NONE,46.1,41.6,9.0,4440.37,0,0,False,,NONE,ANALYZER_NONE,,,,,,,,,
2026-01-08 06:00:00,573,NONE,45.8,43.2,9.0,4440.18,0,0,False,,NONE,ANALYZER_NONE,,,,,,,,,
2026-01-08 06:15:00,574,NONE,45.9,42.5,9.0,4436.65,0,0,False,,NONE,ANALYZER_NONE,,,,,,,,,
2026-01-08 06:30:00,575,NONE,47.3,37.5,9.0,4431.99,0,0,False,,NONE,ANALYZER_NONE,,,,,,,,,
2026-01-08 06:45:00,576,NONE,48.4,32.8,9.0,4431.59,0,0,False,,NONE,ANALYZER_NONE,,,,,,,,,
2026-01-08 07:00:00,577,NONE,49.6,29.3,9.0,4427.32,0,0,False,,NONE,ANALYZER_NONE,,,,,,,,,
2026-01-08 07:15:00,578,NONE,49.2,30.0,9.0,4426.07,0,0,False,,NONE,ANALYZER_NONE,,,,,,,,,
2026-01-08 07:30:00,579,SELL,40.2,61.6,9.0,4418.6,0,0,False,,SELL,Risk validation failed.,NONE,False,21.50666903421552,1.7000000000000017,,,,,
2026-01-08 07:45:00,580,NONE,49.3,29.7,9.0,4425.65,0,0,False,,NONE,ANALYZER_NONE,,,,,,,,,
2026-01-08 08:00:00,581,SELL,38.6,62.9,9.0,4420.99,0,0,False,,SELL,Risk validation failed.,NONE,False,26.27918541289546,1.7000000000000037,,,,,
2026-01-08 08:15:00,582,NONE,48.4,33.0,9.0,4426.16,0,0,False,,NONE,ANALYZER_NONE,,,,,,,,,
2026-01-08 08:30:00,583,NONE,47.7,35.9,9.0,4435.74,0,0,False,,NONE,ANALYZER_NONE,,,,,,,,,
2026-01-08 08:45:00,584,NONE,48.4,33.2,9.0,4433.29,0,0,False,,NONE,ANALYZER_NONE,,,,,,,,,
2026-01-08 09:00:00,585,NONE,47.2,37.1,9.0,4435.99,0,0,False,,NONE,ANALYZER_NONE,,,,,,,,,
2026-01-08 09:15:00,586,NONE,47.2,37.0,9.0,4436.58,0,0,False,,NONE,ANALYZER_NONE,,,,,,,,,
2026-01-08 09:30:00,587,NONE,46.9,38.6,9.0,4431.47,0,0,False,,NONE,ANALYZER_NONE,,,,,,,,,
2026-01-08 09:45:00,588,NONE,48.2,34.1,9.0,4430.97,0,0,False,,NONE,ANALYZER_NONE,,,,,,,,,
2026-01-08 10:00:00,589,NONE,52.4,40.2,9.0,4425.78,0,0,False,,NONE,ANALYZER_NONE,,,,,,,,,
2026-01-08 10:15:00,590,NONE,51.4,35.7,9.0,4426.86,0,0,False,,NONE,ANALYZER_NONE,,,,,,,,,
2026-01-08 10:30:00,591,NONE,43.6,57.7,9.0,4421.33,0,0,False,,NONE,ANALYZER_NONE,,,,,,,,,
2026-01-08 10:45:00,592,NONE,52.2,40.1,9.0,4431.7,0,0,False,,NONE,ANALYZER_NONE,,,,,,,,,
2026-01-08 11:00:00,593,BUY,57.6,59.7,9.0,4430.92,0,0,False,,BUY,,MARKET,True,7.93999999999869,1.500000000000043,,,,,
2026-01-08 11:15:00,594,NONE,57.4,58.9,9.0,4430.37,1,0,False,,NONE,ANALYZER_NONE,,,,,,,,,
2026-01-08 11:30:00,595,NONE,56.2,55.4,9.0,4433.18,1,0,False,,NONE,ANALYZER_NONE,,,,,,,,,
2026-01-08 11:45:00,596,NONE,55.6,52.3,9.0,4432.77,1,0,False,,NONE,ANALYZER_NONE,,,,,,,,,
2026-01-08 12:00:00,597,NONE,53.7,41.1,9.0,4429.33,1,0,False,,NONE,ANALYZER_NONE,,,,,,,,,
2026-01-08 12:15:00,598,NONE,55.5,48.6,9.0,4424.64,1,0,False,,NONE,ANALYZER_NONE,,,,,,,,,
2026-01-08 12:30:00,599,NONE,52.9,37.6,9.0,4432.58,1,0,False,,NONE,ANALYZER_NONE,,,,,,,,,
2026-01-08 12:45:00,600,NONE,51.9,32.2,9.0,4433.34,1,0,False,,NONE,ANALYZER_NONE,,,,,,,,,
2026-01-08 13:00:00,601,NONE,53.2,38.9,9.0,4428.48,1,0,False,,NONE,ANALYZER_NONE,,,,,,,,,
2026-01-08 13:15:00,602,NONE,56.1,52.1,9.0,4426.45,1,0,False,,NONE,ANALYZER_NONE,,,,,,,,,
2026-01-08 13:30:00,603,NONE,54.2,43.6,9.0,4426.49,1,0,False,,NONE,ANALYZER_NONE,,,,,,,,,
2026-01-08 13:45:00,604,NONE,45.9,44.6,9.0,4422.91,1,0,False,,NONE,ANALYZER_NONE,,,,,,,,,
2026-01-08 14:00:00,605,NONE,42.2,58.2,9.0,4412.36,0,0,False,,NONE,ANALYZER_NONE,,,,,,,,,
2026-01-08 14:15:00,606,SELL,41.0,59.8,9.0,4420.52,0,0,False,,SELL,Risk validation failed.,NONE,False,29.33999999999287,1.4999999999999907,,,,,
2026-01-08 14:30:00,607,NONE,49.1,30.6,9.0,4429.0,0,0,False,,NONE,ANALYZER_NONE,,,,,,,,,
2026-01-08 14:45:00,608,BUY,54.9,47.5,9.0,4427.76,0,0,False,,BUY,,MARKET,True,21.875,1.5,,,,,
2026-01-08 15:00:00,609,NONE,44.6,54.7,9.0,4420.6,0,0,False,,NONE,ANALYZER_NONE,,,,,,,,,
2026-01-08 15:15:00,610,NONE,52.9,43.1,9.0,4434.34,0,0,False,,NONE,ANALYZER_NONE,,,,,,,,,
2026-01-08 15:30:00,611,NONE,52.1,39.6,9.0,4433.34,0,0,False,,NONE,ANALYZER_NONE,,,,,,,,,
2026-01-08 15:45:00,612,NONE,52.4,40.9,9.0,4423.77,0,0,False,,NONE,ANALYZER_NONE,,,,,,,,,
2026-01-08 16:00:00,613,NONE,48.1,38.3,9.0,4423.45,0,0,False,,NONE,ANALYZER_NONE,,,,,,,,,
2026-01-08 16:15:00,614,NONE,51.6,37.9,9.0,4427.88,0,0,False,,NONE,ANALYZER_NONE,,,,,,,,,
2026-01-08 16:30:00,615,NONE,53.3,46.8,9.0,4426.07,0,0,False,,NONE,ANALYZER_NONE,,,,,,,,,
2026-01-08 16:45:00,616,NONE,51.4,37.1,9.0,4432.96,0,0,False,,NONE,ANALYZER_NONE,,,,,,,,,
2026-01-08 17:00:00,617,NONE,68.2,71.3,9.0,4448.08,0,0,False,,NONE,ANALYZER_NONE,,,,,,,,,
2026-01-08 17:15:00,618,BUY,65.2,70.6,9.0,4447.75,0,0,False,,BUY,,LIMIT,True,50.4950000000008,1.5,,,,,
2026-01-08 17:30:00,619,NONE,67.0,71.1,9.0,4453.15,0,1,False,,NONE,ANALYZER_NONE,,,,,,,,,
2026-01-08 17:45:00,620,NONE,54.6,51.4,9.0,4454.17,0,1,False,,NONE,ANALYZER_NONE,,,,,,,,,
2026-01-08 18:00:00,621,BUY,54.6,51.4,9.0,4447.37,0,1,False,,BUY,,MARKET,True,46.69499999999971,1.5,,,,,
2026-01-08 18:15:00,622,NONE,54.6,51.5,9.0,4453.61,1,0,False,,NONE,ANALYZER_NONE,,,,,,,,,
2026-01-08 18:30:00,623,NONE,51.0,35.9,9.0,4460.82,0,0,False,,NONE,ANALYZER_NONE,,,,,,,,,
2026-01-08 18:45:00,624,NONE,50.9,35.4,9.0,4463.24,0,0,False,,NONE,ANALYZER_NONE,,,,,,,,,
2026-01-08 19:00:00,625,BUY,55.1,54.2,9.0,4460.06,0,0,False,,NONE,MIN_CANDLES_BETWEEN_TRADES,,,,,,,,,
2026-01-08 19:15:00,626,BUY,55.7,56.4,9.0,4461.67,0,0,False,,NONE,MIN_CANDLES_BETWEEN_TRADES,,,,,,,,,
2026-01-08 19:30:00,627,BUY,54.8,51.9,9.0,4461.34,0,0,False,,NONE,MIN_CANDLES_BETWEEN_TRADES,,,,,,,,,
2026-01-08 19:45:00,628,NONE,55.4,55.3,9.0,4463.49,0,0,False,,NONE,ANALYZER_NONE,,,,,,,,,
2026-01-08 20:00:00,629,NONE,55.1,50.3,9.0,4453.95,0,0,False,,NONE,ANALYZER_NONE,,,,,,,,,
2026-01-08 20:15:00,630,NONE,55.5,51.7,9.0,4452.11,0,0,False,,NONE,ANALYZER_NONE,,,,,,,,,
2026-01-08 20:30:00,631,NONE,52.5,38.4,9.0,4452.16,0,0,False,,NONE,ANALYZER_NONE,,,,,,,,,
2026-01-08 20:45:00,632,NONE,51.7,35.1,9.0,4449.59,0,0,False,,NONE,ANALYZER_NONE,,,,,,,,,
2026-01-08 21:00:00,633,NONE,62.8,65.2,9.0,4447.35,0,0,False,,NONE,ANALYZER_NONE,,,,,,,,,
2026-01-08 21:15:00,634,NONE,62.3,64.8,9.0,4447.7,0,0,False,,NONE,ANALYZER_NONE,,,,,,,,,
2026-01-08 21:30:00,635,NONE,62.5,64.9,9.0,4451.6,0,0,False,,NONE,ANALYZER_NONE,,,,,,,,,
2026-01-08 21:45:00,636,NONE,60.7,63.1,9.0,4452.17,0,0,False,,NONE,ANALYZER_NONE,,,,,,,,,
2026-01-08 22:00:00,637,NONE,61.2,63.6,9.0,4458.2,0,0,False,,NONE,ANALYZER_NONE,,,,,,,,,
2026-01-08 22:15:00,638,NONE,63.7,65.6,9.0,4469.98,0,0,False,,NONE,ANALYZER_NONE,,,,,,,,,
2026-01-08 22:30:00,639,NONE,64.3,66.6,9.0,4473.59,0,0,False,,NONE,ANALYZER_NONE,,,,,,,,,
2026-01-08 22:45:00,640,NONE,64.8,66.8,9.0,4476.11,0,0,False,,NONE,ANALYZER_NONE,,,,,,,,,
2026-01-08 23:00:00,641,NONE,61.3,62.5,9.0,4477.88,0,0,False,,NONE,ANALYZER_NONE,,,,,,,,,
2026-01-08 23:15:00,642,NONE,61.2,62.3,9.0,4475.12,0,0,False,,NONE,ANALYZER_NONE,,,,,,,,,
2026-01-08 23:30:00,643,NONE,61.3,62.3,9.0,4474.39,0,0,False,,NONE,ANALYZER_NONE,,,,,,,,,
2026-01-08 23:45:00,644,NONE,62.1,63.2,9.0,4477.97,0,0,False,,NONE,ANALYZER_NONE,,,,,,,,,
